City,Cloudiness,Country,Date,Humidity,Lat,Lng,Max Temp,Wind Speed
Albany,75.0,US,1564438337.0,43.0,42.65,-73.75,91.38,3.78
Portland,1.0,US,1564438174.0,65.0,43.66,-70.25,89.58,3.6
Kodiak,1.0,US,1564438140.0,48.0,39.95,-94.76,86.99,5.7
Kavieng,81.0,PG,1564438337.0,79.0,-2.57,150.8,79.77,4.19
Ushuaia,0.0,AR,1564438266.0,74.0,-54.81,-68.31,35.58,2.1
Palmer,40.0,AU,1564438179.0,100.0,-34.85,139.16,44.98,1.0
Rikitea,100.0,PF,1564438271.0,80.0,-23.12,-134.97,69.51,10.1
Bridlington,0.0,GB,1564438338.0,82.0,54.08,-0.19,66.97,1.5
Lazaro Cardenas,40.0,MX,1564438338.0,29.0,28.39,-105.62,88.99,2.13
Geraldton,75.0,CA,1564438339.0,88.0,49.72,-86.95,67.98,4.1
Souillac,0.0,FR,1564438339.0,72.0,45.6,-0.6,70.99,2.6
Gerardmer,0.0,FR,1564438339.0,68.0,48.07,6.88,67.98,3.6
Adrar,0.0,DZ,1564438339.0,6.0,27.87,-0.29,100.38,4.6
Busselton,0.0,AU,1564438339.0,74.0,-33.64,115.35,41.99,3.97
Dese,0.0,IT,1564438340.0,88.0,45.53,12.3,77.99,1.0
Iksha,0.0,RU,1564438340.0,76.0,56.18,37.5,56.98,4.0
Chokurdakh,100.0,RU,1564438340.0,89.0,70.62,147.9,38.01,3.06
Hasanabad,0.0,IR,1564438340.0,32.0,35.37,51.24,82.38,8.2
Gerash,0.0,IR,1564438340.0,27.0,27.67,54.14,89.58,1.11
Kapaa,20.0,US,1564438042.0,66.0,22.08,-159.32,85.98,6.2
Bredasdorp,22.0,ZA,1564438341.0,87.0,-34.53,20.04,64.97,1.5
Omsukchan,100.0,RU,1564438341.0,94.0,62.53,155.8,42.69,3.26
Saint-Philippe,1.0,CA,1564438341.0,33.0,45.36,-73.48,91.38,3.77
Tiksi,100.0,RU,1564438341.0,95.0,71.64,128.87,35.85,2.68
Hobart,20.0,AU,1564438342.0,94.0,-42.88,147.33,40.98,3.1
Victoria,75.0,BN,1564438342.0,88.0,5.28,115.24,76.98,1.0
Luderitz,3.0,NA,1564438286.0,77.0,-26.65,15.16,60.78,4.1
Dhemaji,100.0,IN,1564438342.0,92.0,27.48,94.56,76.71,0.39
Hilo,90.0,US,1564438342.0,74.0,19.71,-155.08,81.98,4.6
Saint Anthony,1.0,US,1564438044.0,47.0,43.97,-111.68,75.18,6.7
Port Elizabeth,1.0,US,1564438342.0,55.0,39.31,-74.98,93.18,2.6
Arraial do Cabo,20.0,BR,1564438343.0,88.0,-22.97,-42.02,69.78,5.1
Hithadhoo,100.0,MV,1564438343.0,70.0,-0.6,73.08,83.73,3.36
Lebu,75.0,ET,1564438343.0,87.0,8.96,38.73,57.18,2.6
Uruzgan,0.0,AF,1564438343.0,37.0,32.93,66.63,62.31,1.21
Peniche,0.0,PT,1564438199.0,88.0,39.36,-9.38,63.98,5.7
Genhe,73.0,CN,1564438344.0,95.0,50.78,121.52,55.11,1.41
Hermanus,37.0,ZA,1564438344.0,63.0,-34.42,19.24,64.97,6.71
Yellowknife,75.0,CA,1564438344.0,68.0,62.45,-114.38,64.38,4.6
Marfino,0.0,RU,1564438344.0,76.0,56.07,37.56,56.98,4.0
Ribeira Grande,6.0,PT,1564438345.0,80.0,38.52,-28.7,70.23,5.52
Merauke,41.0,ID,1564438345.0,83.0,-8.49,140.4,75.81,7.46
Punta Arenas,75.0,CL,1564438345.0,80.0,-53.16,-70.91,39.18,4.6
Tuktoyaktuk,75.0,CA,1564438345.0,66.0,69.44,-133.03,48.18,3.6
Ancud,90.0,CL,1564438345.0,100.0,-41.87,-73.83,49.98,9.8
Ostrovnoy,100.0,RU,1564438345.0,91.0,68.05,39.51,40.35,12.6
Hambantota,0.0,LK,1564438346.0,100.0,6.12,81.12,78.78,3.1
Kidal,90.0,ML,1564438346.0,63.0,18.44,1.41,80.67,7.13
Jamestown,0.0,AU,1564438346.0,85.0,-33.21,138.6,41.79,2.63
Shihezi,25.0,CN,1564438346.0,21.0,44.3,86.03,76.71,3.23
Puerto Baquerizo Moreno,75.0,EC,1564438346.0,78.0,-0.9,-89.6,73.38,7.2
Georgetown,75.0,GY,1564438347.0,88.0,6.8,-58.16,78.78,2.1
Loreto,25.0,PY,1564438347.0,46.0,-23.27,-57.32,78.87,0.88
Bull Savanna,2.0,JM,1564438347.0,64.0,17.89,-77.59,83.37,0.72
Oromocto,75.0,CA,1564438347.0,58.0,45.85,-66.47,85.98,1.5
Qaanaaq,0.0,GL,1564438348.0,55.0,77.48,-69.36,45.39,0.32
Kuala Terengganu,75.0,MY,1564438348.0,100.0,5.33,103.14,78.78,1.5
Talnakh,31.0,RU,1564438348.0,100.0,69.49,88.39,49.98,1.0
Cape Town,75.0,ZA,1564438125.0,87.0,-33.93,18.42,60.98,11.3
Asosa,100.0,ET,1564438348.0,98.0,10.07,34.53,64.47,0.39
Esperance,0.0,AU,1564438349.0,100.0,-33.86,121.89,44.58,4.6
Ponta do Sol,89.0,BR,1564438349.0,59.0,-20.63,-46.0,65.37,1.63
Severo-Kurilsk,100.0,RU,1564438349.0,96.0,50.68,156.12,46.47,1.01
San Juan,0.0,AR,1564438349.0,36.0,-31.54,-68.53,52.77,1.26
Ocos,75.0,GT,1564438350.0,62.0,14.51,-92.19,89.58,2.1
Atuona,0.0,PF,1564438350.0,76.0,-9.8,-139.03,79.77,8.02
Pevek,100.0,RU,1564438350.0,96.0,69.7,170.27,32.07,2.79
Kaka,62.0,TM,1564438350.0,37.0,37.35,59.62,84.81,2.27
Nikolskoye,0.0,RU,1564438350.0,58.0,59.7,30.79,53.58,2.0
Dilla,99.0,ET,1564438350.0,73.0,6.41,38.31,71.85,2.02
Honningsvag,75.0,NO,1564438351.0,87.0,70.98,25.97,44.58,6.2
Narsaq,1.0,GL,1564438351.0,47.0,60.91,-46.05,58.98,4.6
San Isidro,0.0,CR,1564438351.0,50.0,10.02,-84.06,84.18,7.7
Ossora,100.0,RU,1564438351.0,86.0,59.24,163.07,55.47,1.17
Avera,40.0,US,1564438351.0,34.0,33.19,-82.53,95.99,0.14
Manjacaze,0.0,MZ,1564438352.0,89.0,-24.71,33.88,59.61,2.22
Cherskiy,100.0,RU,1564438352.0,80.0,68.75,161.3,41.61,5.78
Vaini,100.0,IN,1564438352.0,90.0,15.34,74.49,76.53,3.78
Noamundi,93.0,IN,1564438352.0,91.0,22.16,85.52,73.29,3.12
Isiro,1.0,CD,1564438352.0,92.0,2.77,27.62,66.45,0.19
Shingu,30.0,JP,1564438353.0,96.0,33.72,135.99,70.77,1.04
Sitka,0.0,US,1564438085.0,36.0,37.17,-99.65,93.97,2.68
Upernavik,0.0,GL,1564438353.0,74.0,72.79,-56.15,43.23,3.98
Bonthe,28.0,SL,1564438353.0,86.0,7.53,-12.5,76.53,3.95
Yugorsk,100.0,RU,1564438353.0,99.0,61.32,63.33,57.45,2.23
Constitucion,90.0,MX,1564438353.0,60.0,23.99,-104.67,76.98,2.1
Sete,100.0,NP,1564438354.0,96.0,27.58,86.44,66.81,0.23
Noumea,0.0,NC,1564438354.0,82.0,-22.28,166.46,62.58,1.0
Vila Velha,0.0,BR,1564438170.0,69.0,-3.71,-38.6,85.98,5.7
Kualakapuas,100.0,ID,1564438354.0,88.0,-3.01,114.39,75.18,1.14
Herat,0.0,AF,1564438354.0,34.0,34.35,62.22,82.38,6.2
Hofn,0.0,IS,1564438354.0,82.0,64.25,-15.21,55.38,2.6
Saint-Pierre,0.0,FR,1564438355.0,40.0,48.95,4.24,71.58,3.1
Labuhan,100.0,ID,1564438355.0,87.0,-2.54,115.51,68.97,0.7
Dondo,0.0,MZ,1564438355.0,93.0,-19.62,34.74,62.58,1.0
Bethel,90.0,US,1564438355.0,77.0,60.79,-161.76,58.98,2.1
Nha Trang,75.0,VN,1564438355.0,78.0,12.24,109.19,80.58,1.0
Karasjok,67.0,NO,1564438356.0,81.0,69.47,25.52,44.58,6.2
Avarua,0.0,CK,1564438356.0,78.0,-21.21,-159.78,76.98,7.2
Tual,95.0,ID,1564438356.0,81.0,-5.67,132.75,76.35,8.67
Khatanga,27.0,RU,1564438356.0,67.0,71.98,102.47,47.19,8.27
Laibin,0.0,CN,1564438356.0,86.0,23.74,109.23,76.53,0.8
Buchanan,75.0,LR,1564438356.0,94.0,5.88,-10.05,76.98,5.69
Sokoto,41.0,NG,1564438357.0,72.0,13.06,5.24,77.61,7.01
Poum,75.0,MK,1564438357.0,68.0,41.28,20.71,69.78,2.6
Grindavik,75.0,IS,1564438357.0,82.0,63.84,-22.43,60.78,2.1
Barroquinha,0.0,BR,1564438357.0,83.0,-3.02,-41.13,80.58,2.6
Clyde River,20.0,CA,1564438357.0,87.0,70.47,-68.59,44.58,8.7
Kavaratti,100.0,IN,1564438358.0,80.0,10.57,72.64,81.57,5.46
Lompoc,1.0,US,1564438212.0,68.0,34.64,-120.46,78.98,6.7
Phulji,100.0,PK,1564438358.0,55.0,26.88,67.68,93.99,2.91
Kaitangata,100.0,NZ,1564438358.0,92.0,-46.28,169.85,39.97,2.24
Tiberias,0.0,IL,1564438359.0,73.0,32.79,35.53,74.98,0.63
Sola,14.0,TZ,1564438359.0,67.0,-3.17,33.8,65.91,1.29
Gorgan,75.0,IR,1564438186.0,74.0,36.84,54.43,80.58,2.1
Kruisfontein,0.0,ZA,1564438359.0,27.0,-34.0,24.73,67.35,3.56
Papara,0.0,BR,1564438360.0,69.0,-3.98,-38.73,85.98,5.7
Asmara,100.0,ER,1564438360.0,64.0,15.34,38.93,78.69,0.65
New Norfolk,20.0,AU,1564438360.0,94.0,-42.78,147.06,40.98,3.1
Coihaique,90.0,CL,1564438361.0,93.0,-45.58,-72.07,42.78,0.84
Padang,100.0,ID,1564438361.0,79.0,-0.92,100.36,81.57,4.6
Coquimbo,0.0,CL,1564438361.0,72.0,-29.95,-71.34,58.98,6.7
Tanout,100.0,NE,1564438361.0,31.0,14.97,8.88,89.67,5.6
Mataura,100.0,NZ,1564438361.0,98.0,-46.19,168.86,44.98,3.58
Beloha,0.0,MG,1564438362.0,78.0,-25.17,45.06,66.27,3.9
Issoire,0.0,FR,1564438362.0,55.0,45.54,3.25,66.18,1.0
Antalaha,94.0,MG,1564438362.0,99.0,-14.9,50.28,66.45,2.09
Norman Wells,75.0,CA,1564438363.0,52.0,65.28,-126.83,66.18,7.2
Quelimane,0.0,MZ,1564438363.0,88.0,-17.88,36.89,62.58,1.05
Ilulissat,40.0,GL,1564438363.0,27.0,69.22,-51.1,62.58,9.8
Majene,100.0,ID,1564438288.0,80.0,-3.54,118.97,78.69,13.09
Puerto Ayora,20.0,EC,1564438363.0,69.0,-0.74,-90.35,76.98,8.2
Marawi,98.0,PH,1564438364.0,94.0,8.0,124.29,72.98,2.68
Plettenberg Bay,0.0,ZA,1564438364.0,83.0,-34.05,23.37,56.91,1.84
Torbay,75.0,CA,1564438364.0,82.0,47.66,-52.73,63.98,7.2
Sarh,0.0,TD,1564438364.0,88.0,9.14,18.39,78.78,0.77
Kotido,17.0,UG,1564438364.0,88.0,3.01,34.12,63.93,1.66
Teya,75.0,MX,1564438365.0,56.0,21.05,-89.07,93.18,4.6
Hope,75.0,US,1564438365.0,100.0,33.67,-93.59,79.99,3.6
Paita,0.0,PE,1564438365.0,290.0,-5.09,-81.11,62.58,7.7
Lokosovo,50.0,RU,1564438365.0,73.0,61.13,74.84,65.19,5.9
East London,0.0,ZA,1564438133.0,16.0,-33.02,27.91,70.41,3.9
Bambous Virieux,75.0,MU,1564438366.0,100.0,-20.34,57.76,73.38,4.1
Boyolangu,71.0,ID,1564438366.0,94.0,-8.09,111.9,65.91,2.34
Alice Town,100.0,BS,1564438366.0,61.0,25.72,-79.3,85.53,1.82
Pemba,20.0,MZ,1564438366.0,83.0,-12.97,40.52,73.38,3.6
Vizinga,89.0,RU,1564438367.0,99.0,61.08,50.08,47.01,0.57
Voznesenye,85.0,RU,1564438367.0,82.0,61.02,35.48,45.75,4.08
Castro,90.0,CL,1564438367.0,100.0,-42.48,-73.76,49.98,9.8
Cidreira,89.0,BR,1564438367.0,85.0,-30.17,-50.22,61.59,1.61
Pine Bluff,20.0,US,1564438368.0,58.0,34.23,-92.0,87.78,3.1
Bluff,3.0,AU,1564438368.0,61.0,-23.58,149.07,55.11,1.64
Prince Rupert,1.0,CA,1564438104.0,72.0,54.32,-130.32,62.58,3.1
Rafaela,60.0,AR,1564438369.0,69.0,-31.25,-61.49,52.99,0.45
Bihariganj,71.0,IN,1564438369.0,80.0,25.73,86.98,81.21,5.97
Hirara,20.0,JP,1564438369.0,94.0,24.8,125.28,78.78,2.1
Sakaiminato,20.0,JP,1564438369.0,83.0,35.55,133.23,78.78,3.1
Cabo San Lucas,20.0,MX,1564438328.0,43.0,22.89,-109.91,95.99,6.2
Saskylakh,100.0,RU,1564438369.0,80.0,71.97,114.09,42.15,3.71
Buritizeiro,100.0,BR,1564438370.0,43.0,-17.37,-44.96,73.83,1.69
Codrington,40.0,AU,1564438370.0,100.0,-28.95,153.24,55.97,2.1
Mar del Plata,0.0,AR,1564438370.0,54.0,-46.43,-67.52,43.59,2.45
Kutum,0.0,SD,1564438370.0,57.0,14.2,24.66,76.89,6.7
Isangel,20.0,VU,1564438371.0,73.0,-19.55,169.27,73.38,2.6
Kununurra,62.0,AU,1564438371.0,87.0,-15.77,128.74,58.98,1.4
Hamilton,75.0,CA,1564438235.0,54.0,43.26,-79.87,87.98,8.7
Berlevag,75.0,NO,1564438371.0,87.0,70.86,29.09,42.78,6.2
Broome,0.0,GB,1564438372.0,77.0,52.47,1.45,66.18,3.6
Nanortalik,87.0,GL,1564438372.0,89.0,60.14,-45.24,39.09,0.6
Severobaykalsk,93.0,RU,1564438372.0,85.0,55.65,109.32,51.33,3.94
Huanren,100.0,CN,1564438372.0,99.0,41.26,125.37,70.77,2.5
Sisimiut,0.0,GL,1564438372.0,76.0,66.94,-53.67,44.67,5.68
Olga,1.0,US,1564438373.0,54.0,34.11,-118.17,90.98,3.55
Marinette,3.0,US,1564438373.0,51.0,45.1,-87.63,82.38,2.6
Mahebourg,75.0,MU,1564438373.0,100.0,-20.41,57.7,73.38,4.1
Cairns,40.0,AU,1564438373.0,82.0,-16.92,145.77,66.97,4.6
Doha,0.0,QA,1564438204.0,75.0,25.29,51.53,93.18,4.1
Stepnogorsk,10.0,KZ,1564438374.0,69.0,52.35,71.88,67.35,6.08
Bandarbeyla,4.0,SO,1564438374.0,72.0,9.49,50.81,76.71,11.14
Murgab,0.0,TM,1564438374.0,50.0,37.5,61.97,78.78,4.1
Korem,26.0,ET,1564438374.0,70.0,12.51,39.52,61.95,2.37
Shalinskoye,0.0,RU,1564438374.0,90.0,55.72,93.76,53.67,2.33
Aykhal,75.0,RU,1564438375.0,86.0,65.95,111.51,40.98,1.21
San Quintin,100.0,PH,1564438375.0,92.0,17.54,120.52,74.01,1.72
Ukiah,1.0,US,1564438375.0,29.0,39.15,-123.21,94.98,5.1
Sept-Iles,20.0,CA,1564438080.0,60.0,50.2,-66.38,76.98,6.2
Pangnirtung,20.0,CA,1564438376.0,81.0,66.15,-65.72,53.58,2.1
Christchurch,100.0,NZ,1564438077.0,87.0,-43.53,172.64,53.98,2.6
Katsuura,20.0,JP,1564438376.0,94.0,33.93,134.5,79.99,2.6
Nanakuli,1.0,US,1564438376.0,54.0,21.39,-158.15,89.58,5.1
Lavrentiya,100.0,RU,1564438376.0,79.0,65.58,-170.99,48.81,3.23
Kangaatsiaq,0.0,GL,1564438377.0,66.0,68.31,-53.46,47.19,2.52
Les Cayes,5.0,HT,1564438377.0,67.0,18.19,-73.75,82.65,1.19
Comodoro Rivadavia,40.0,AR,1564438377.0,66.0,-45.87,-67.48,49.98,3.15
Waipawa,100.0,NZ,1564438377.0,96.0,-39.94,176.59,40.98,0.78
Viedma,0.0,AR,1564438377.0,47.0,-40.81,-62.99,59.25,4.5
Mandapam,100.0,IN,1564438378.0,67.0,9.28,79.12,83.73,8.02
Sao Filipe,35.0,CV,1564438378.0,80.0,14.9,-24.5,74.73,5.18
Port Hedland,7.0,AU,1564438378.0,48.0,-20.31,118.58,64.38,4.1
Caravelas,2.0,BR,1564438378.0,72.0,-17.73,-39.27,71.31,4.24
Chuy,100.0,UY,1564438214.0,91.0,-33.69,-53.46,54.93,2.55
Samarai,82.0,PG,1564438379.0,90.0,-10.62,150.67,69.33,1.51
Port Alfred,0.0,ZA,1564438379.0,27.0,-33.59,26.89,75.97,3.13
Colares,0.0,PT,1564438379.0,77.0,38.8,-9.45,66.97,6.2
Fairbanks,75.0,US,1564438380.0,77.0,64.84,-147.72,65.98,1.62
Kosice,0.0,CZ,1564438380.0,78.0,50.18,15.53,73.38,2.1
Adre,38.0,TD,1564438380.0,71.0,13.47,22.2,75.45,3.24
La Tuque,100.0,CA,1564438380.0,45.0,47.44,-72.79,82.83,3.19
Butaritari,7.0,KI,1564438381.0,68.0,3.07,172.79,85.17,3.51
Nadym,80.0,RU,1564438381.0,67.0,65.53,72.51,58.53,9.3
Bembibre,34.0,ES,1564438381.0,62.0,42.62,-6.42,63.98,6.2
Cheremukhovo,54.0,RU,1564438381.0,79.0,56.23,46.23,45.75,3.26
Bilma,40.0,NE,1564438381.0,25.0,18.69,12.92,93.45,9.1
Aklavik,90.0,CA,1564438382.0,81.0,68.22,-135.01,49.98,7.2
Dalvik,0.0,SE,1564438382.0,83.0,57.79,14.13,69.98,2.6
Kenai,40.0,US,1564438382.0,72.0,60.55,-151.26,64.38,3.1
Sungaipenuh,26.0,ID,1564438099.0,95.0,-2.08,101.38,69.69,1.19
Ola,100.0,RU,1564438382.0,95.0,59.58,151.3,50.79,1.93
Airai,16.0,TL,1564438382.0,85.0,-8.93,125.41,64.29,1.93
Razdolinsk,0.0,RU,1564438383.0,76.0,58.42,94.62,57.45,1.21
Salalah,90.0,OM,1564438383.0,94.0,17.01,54.1,76.98,2.6
Laurel,75.0,US,1564438383.0,43.0,39.1,-76.85,93.18,1.5
Ghanzi,0.0,BW,1564438383.0,20.0,-21.7,21.65,57.63,2.68
Yulara,40.0,AU,1564438383.0,76.0,-25.24,130.99,53.58,2.6
Longyearbyen,75.0,NO,1564438384.0,87.0,78.22,15.63,46.38,5.1
Socorro,75.0,US,1564438384.0,23.0,31.65,-106.3,94.98,6.2
Broken Hill,0.0,AU,1564438384.0,93.0,-31.97,141.45,39.18,3.1
Kendari,0.0,ID,1564438384.0,95.0,-3.99,122.52,67.53,1.11
Zhigansk,0.0,RU,1564438328.0,69.0,66.77,123.37,47.73,8.57
Pacific Grove,40.0,US,1564438347.0,63.0,36.62,-121.92,84.97,5.1
Coahuayana,85.0,MX,1564438385.0,72.0,18.62,-100.35,82.29,1.14
Waingapu,3.0,ID,1564438385.0,94.0,-9.65,120.26,66.09,3.53
Beckley,20.0,US,1564438385.0,48.0,37.78,-81.19,84.97,2.6
Oyem,6.0,GA,1564438385.0,98.0,1.6,11.57,67.53,1.44
Gamba,100.0,CN,1564438386.0,63.0,28.28,88.52,44.67,1.9
Mlonggo,20.0,ID,1564438386.0,73.0,-6.53,110.7,75.18,1.5
Shibata,40.0,JP,1564438386.0,88.0,37.91,139.43,80.98,3.1
Puerto El Triunfo,20.0,SV,1564438386.0,46.0,13.27,-88.55,91.38,3.1
Piacabucu,26.0,BR,1564438387.0,84.0,-10.41,-36.43,72.93,1.91
Saldanha,0.0,PT,1564438387.0,60.0,41.42,-6.55,59.79,5.15
Brae,0.0,GB,1564438387.0,100.0,60.4,-1.35,58.98,4.6
Amahai,92.0,ID,1564438387.0,88.0,-3.31,129.0,74.55,3.13
Oranjemund,34.0,ZA,1564438387.0,88.0,-28.55,16.43,55.65,10.79
Vanimo,99.0,PG,1564438388.0,84.0,-2.67,141.3,77.79,4.37
Dunedin,100.0,NZ,1564438160.0,86.0,-45.87,170.5,52.99,0.89
Ahipara,37.0,NZ,1564438388.0,100.0,-35.17,173.16,57.97,8.58
Kalabo,0.0,ZM,1564438388.0,18.0,-15.0,22.67,57.63,2.04
Sassandra,66.0,CI,1564438388.0,92.0,4.95,-6.09,72.21,1.49
Hami,0.0,CN,1564438388.0,17.0,42.84,93.51,76.17,2.02
Yanam,100.0,IN,1564438389.0,94.0,16.73,82.22,74.73,2.83
Zasheyek,98.0,RU,1564438389.0,84.0,67.41,32.55,43.23,7.53
Tura,97.0,RU,1564438386.0,85.0,64.27,100.22,56.73,0.68
Scarborough,0.0,GB,1564438389.0,82.0,54.28,-0.41,66.97,1.5
Barrow,71.0,AR,1564438389.0,68.0,-38.31,-60.23,54.57,3.09
Hudiksvall,100.0,SE,1564438390.0,93.0,61.73,17.1,50.25,2.43
Dandong,100.0,CN,1564438390.0,97.0,40.12,124.37,77.79,4.77
Laguna,40.0,BZ,1564438390.0,61.0,16.17,-88.94,87.78,2.1
Pokrovka,80.0,RU,1564438390.0,92.0,43.95,131.63,71.85,1.22
Fortuna,20.0,US,1564438391.0,77.0,40.6,-124.16,77.99,4.1
Langsa,74.0,ID,1564438391.0,93.0,4.47,97.97,67.17,1.33
Kajaani,0.0,FI,1564438391.0,70.0,64.22,27.73,48.18,5.1
Port Hardy,90.0,CA,1564438391.0,77.0,50.7,-127.42,64.38,4.1
Dekar,0.0,BW,1564438391.0,32.0,-21.53,21.93,51.87,1.96
Ondjiva,0.0,AO,1564438392.0,12.0,-17.07,15.73,59.07,2.95
Visby,94.0,SE,1564438392.0,87.0,57.64,18.3,64.97,2.1
Riachao das Neves,51.0,BR,1564438392.0,29.0,-11.75,-44.91,82.83,1.73
Scottsbluff,1.0,US,1564438226.0,38.0,41.87,-103.67,91.97,6.2
Tateyama,40.0,JP,1564438392.0,78.0,36.66,137.31,81.98,1.0
Bryan,1.0,US,1564438393.0,44.0,30.67,-96.37,96.98,6.2
Karratha,0.0,AU,1564438393.0,29.0,-20.74,116.85,66.99,2.81
Taoudenni,10.0,ML,1564438393.0,9.0,22.68,-3.98,100.47,2.72
Kiama,0.0,AU,1564438393.0,81.0,-34.67,150.86,56.98,2.6
Kamsack,1.0,CA,1564438393.0,40.0,51.56,-101.9,67.98,3.6
Tyukhtet,89.0,RU,1564438394.0,85.0,56.54,89.31,57.27,2.54
Tautira,40.0,PF,1564438394.0,69.0,-17.73,-149.15,82.38,2.6
Te Anau,100.0,NZ,1564438394.0,93.0,-45.41,167.72,37.83,1.35
Bam,41.0,IR,1564438394.0,40.0,29.11,58.36,68.25,0.93
Ratnagiri,100.0,IN,1564438394.0,82.0,16.98,73.3,81.57,11.36
Nabinagar,40.0,BD,1564438395.0,83.0,23.88,90.97,82.38,2.6
Beaverlodge,75.0,CA,1564438395.0,37.0,55.21,-119.43,71.58,8.2
Patacamaya,0.0,BO,1564438395.0,8.0,-17.23,-67.92,54.75,0.14
Tasiilaq,100.0,GL,1564438395.0,94.0,65.61,-37.64,40.35,0.16
Smithers,90.0,CA,1564438396.0,52.0,54.78,-127.17,64.38,2.6
Chernyshevskiy,77.0,RU,1564438396.0,74.0,63.01,112.47,50.79,0.54
Wajir,55.0,KE,1564438396.0,50.0,1.75,40.07,79.05,7.78
Ouango,67.0,CD,1564438396.0,98.0,4.31,22.55,68.79,0.78
Dingle,100.0,PH,1564438396.0,91.0,11.0,122.67,72.75,1.29
Bambanglipuro,100.0,ID,1564438396.0,85.0,-7.95,110.28,73.47,2.52
Ankpa,100.0,NG,1564438397.0,97.0,7.37,7.63,71.67,3.62
Lagoa,0.0,PT,1564438397.0,41.0,37.14,-8.45,75.18,7.2
Pijijiapan,0.0,MX,1564438397.0,68.0,15.69,-93.21,86.25,3.2
Chara,20.0,GR,1564438397.0,44.0,39.42,22.43,82.97,4.6
Locri,20.0,IT,1564438398.0,73.0,38.24,16.26,76.98,1.5
Key West,40.0,US,1564438398.0,46.0,47.93,-96.78,73.38,6.7
Fare,20.0,PF,1564438398.0,80.0,-16.7,-151.02,77.25,10.13
Pedasi,100.0,PA,1564438398.0,74.0,7.53,-80.03,81.21,4.88
Bubaque,100.0,GW,1564438398.0,84.0,11.28,-15.83,78.33,6.83
Lorengau,85.0,PG,1564438399.0,85.0,-2.02,147.27,76.71,2.35
Fukue,75.0,JP,1564438399.0,88.0,35.03,136.69,82.97,2.1
Randazzo,0.0,IT,1564438399.0,73.0,37.88,14.95,78.98,2.1
Ciudad Bolivar,100.0,VE,1564438399.0,63.0,8.12,-63.55,87.87,1.69
Predejane,75.0,RS,1564438399.0,100.0,42.83,22.13,66.97,1.0
San Patricio,74.0,PY,1564438400.0,96.0,-26.98,-56.83,60.87,1.59
Maltahohe,0.0,NA,1564438400.0,46.0,-24.83,16.98,48.45,3.59
Tahoua,20.0,NE,1564438400.0,55.0,14.89,5.26,87.78,6.2
Henties Bay,0.0,NA,1564438400.0,86.0,-22.12,14.28,53.98,3.14
Buala,3.0,SB,1564438401.0,83.0,-8.15,159.59,80.49,3.68
Wuwei,0.0,CN,1564438401.0,38.0,37.93,102.64,63.57,2.46
Brazzaville,20.0,CD,1564438401.0,69.0,-4.27,15.27,75.18,4.1
Iqaluit,20.0,CA,1564438401.0,76.0,63.75,-68.52,48.18,3.6
Provideniya,90.0,RU,1564438401.0,87.0,64.42,-173.23,49.98,3.0
Lamu,0.0,CN,1564438402.0,79.0,35.77,102.37,51.69,0.45
Kloulklubed,90.0,PW,1564438402.0,83.0,7.04,134.26,80.58,4.6
Tigzirt,0.0,DZ,1564438402.0,49.0,36.57,4.2,72.93,0.44
Almaznyy,0.0,RU,1564438402.0,57.0,48.03,40.04,75.18,2.0
La Ronge,75.0,CA,1564438326.0,46.0,55.1,-105.3,69.78,4.6
Guerrero Negro,71.0,MX,1564438402.0,76.0,27.97,-114.04,69.51,3.59
Thompson,20.0,CA,1564438403.0,42.0,55.74,-97.86,66.18,5.7
Prokuplje,75.0,RS,1564438403.0,100.0,43.23,21.59,66.18,1.0
Khudat,0.0,AZ,1564438403.0,49.0,41.63,48.68,71.13,2.65
Vardo,1.0,US,1564438403.0,46.0,39.62,-77.74,93.97,2.6
Yashan,3.0,CN,1564438404.0,74.0,30.81,118.02,81.21,2.19
Inverness,41.0,GB,1564438404.0,100.0,57.48,-4.23,62.98,1.5
Whakatane,100.0,NZ,1564438404.0,90.0,-37.96,176.99,55.97,0.26
Fallon,1.0,US,1564438404.0,36.0,46.84,-105.12,84.97,3.6
Sheremetyevskiy,0.0,RU,1564438404.0,76.0,55.98,37.49,56.98,4.0
Saint George,20.0,GR,1564438405.0,44.0,39.45,22.34,82.97,4.6
Estrela,100.0,BR,1564438249.0,92.0,-29.5,-51.96,64.97,0.95
Beshpagir,0.0,RU,1564438405.0,56.0,45.02,42.37,72.98,1.0
Pisco,0.0,PE,1564438405.0,30.0,-13.71,-76.2,71.58,4.1
La Asuncion,0.0,AR,1564438405.0,27.0,-26.05,-65.39,60.87,1.77
Moron,15.0,HT,1564438405.0,67.0,18.56,-74.26,83.55,2.69
Praya,20.0,ID,1564438406.0,100.0,-8.71,116.27,67.98,1.5
Nantucket,1.0,US,1564438406.0,94.0,41.28,-70.1,84.18,4.6
Altay,31.0,CN,1564438406.0,63.0,47.83,88.13,51.87,1.98
Magway,100.0,MM,1564438406.0,89.0,20.15,94.92,74.37,1.45
Bathsheba,20.0,BB,1564438406.0,79.0,13.22,-59.52,84.18,6.2
Okhtyrka,0.0,UA,1564438407.0,93.0,50.31,34.89,65.55,2.26
Yatou,75.0,CM,1564438407.0,100.0,3.63,9.81,75.18,1.0
Vao,100.0,EE,1564438407.0,66.0,59.1,26.19,59.25,1.9
Brownsville,40.0,US,1564438166.0,56.0,25.91,-97.49,94.98,8.7
Dikson,98.0,RU,1564438407.0,74.0,73.51,80.55,41.25,6.22
Carnarvon,0.0,ZA,1564438408.0,23.0,-30.97,22.13,57.09,6.05
Parakai,0.0,NZ,1564438408.0,87.0,-36.66,174.44,58.98,4.1
Vilyuysk,0.0,RU,1564438408.0,69.0,63.75,121.63,49.53,4.33
Miandrivazo,0.0,MG,1564438408.0,79.0,-19.53,45.46,65.91,1.24
Okhotsk,100.0,RU,1564438408.0,87.0,59.36,143.24,55.29,1.91
Bandar-e Lengeh,91.0,IR,1564438409.0,79.0,26.56,54.88,93.18,2.1
Srednekolymsk,96.0,RU,1564438409.0,66.0,67.46,153.71,47.91,2.12
Sabha,0.0,LY,1564438409.0,14.0,27.03,14.43,89.49,2.16
Nabire,100.0,ID,1564438371.0,99.0,-3.36,135.5,68.25,1.83
Breves,45.0,BR,1564438409.0,91.0,-1.68,-50.48,78.87,1.2
Port Moresby,75.0,PG,1564438409.0,88.0,-9.47,147.16,73.38,2.6
Sechura,0.0,PE,1564438410.0,82.0,-5.56,-80.82,65.37,6.89
Fujin,100.0,CN,1564438410.0,89.0,47.24,132.03,72.75,1.57
Konya,0.0,TR,1564438410.0,36.0,37.87,32.48,76.98,3.6
Sindor,100.0,RU,1564438410.0,99.0,62.87,51.9,47.91,1.86
Nouadhibou,0.0,MR,1564438410.0,77.0,20.93,-17.03,69.78,8.7
Soe,0.0,EE,1564438411.0,87.0,57.91,26.05,52.99,1.0
Sobolevo,0.0,RU,1564438411.0,87.0,54.43,31.9,52.77,3.44
Grand Gaube,75.0,MU,1564438411.0,100.0,-20.01,57.66,73.38,4.1
Luanda,32.0,AO,1564438386.0,88.0,-8.83,13.24,69.78,4.6
Kahului,20.0,US,1564438412.0,43.0,20.89,-156.47,91.38,9.3
Nuevo Progreso,1.0,US,1564438412.0,44.0,26.05,-97.95,97.99,8.2
Pathein,100.0,MM,1564438412.0,87.0,16.78,94.73,78.69,4.5
Armizonskoye,77.0,RU,1564438412.0,92.0,55.95,67.67,56.55,5.93
Morondava,0.0,MG,1564438412.0,71.0,-20.3,44.28,73.65,5.71
Bitung,20.0,ID,1564438412.0,100.0,1.44,125.19,71.58,0.5
Puerto Colombia,75.0,CO,1564438413.0,70.0,10.99,-74.96,85.98,6.7
General Roca,75.0,AR,1564438413.0,27.0,-39.03,-67.58,64.38,6.7
Jiquilisco,20.0,SV,1564438413.0,46.0,13.33,-88.57,91.38,3.1
Kasongo-Lunda,100.0,CD,1564438413.0,43.0,-6.48,16.82,67.71,1.9
Vestmannaeyjar,100.0,IS,1564438414.0,88.0,63.44,-20.27,54.57,3.55
Paracuru,0.0,BR,1564438414.0,69.0,-3.41,-39.03,85.98,5.7
Contamana,65.0,PE,1564438414.0,38.0,-7.35,-75.01,89.31,1.4
Trat,83.0,TH,1564438414.0,78.0,12.25,102.51,84.97,1.5
Saint-Paul,0.0,FR,1564438415.0,67.0,45.22,1.9,67.98,0.5
Husavik,2.0,CA,1564438415.0,33.0,50.56,-96.99,70.99,5.81
Ati,100.0,TD,1564438415.0,62.0,13.21,18.34,83.73,1.33
Vazante,100.0,BR,1564438415.0,53.0,-17.99,-46.9,69.87,1.39
Monroe,40.0,US,1564438415.0,83.0,41.91,-83.4,84.97,4.1
Dargaville,33.0,NZ,1564438416.0,81.0,-35.94,173.86,57.99,9.29
Jasper,40.0,US,1564438407.0,39.0,33.83,-87.28,94.98,2.24
Komsomolskiy,65.0,RU,1564438416.0,64.0,67.55,63.78,53.85,9.31
Florianopolis,0.0,BR,1564438176.0,77.0,-27.6,-48.55,70.99,4.6
Mangan,95.0,IN,1564438416.0,92.0,27.5,88.54,58.17,0.97
Dhidhdhoo,69.0,MV,1564438417.0,70.0,6.88,73.1,82.29,2.32
Port Keats,0.0,AU,1564438417.0,76.0,-14.25,129.55,66.63,3.44
Boueni,0.0,YT,1564438417.0,83.0,-12.9,45.08,76.98,2.6
Moree,75.0,AU,1564438417.0,46.0,-29.46,149.84,49.98,2.1
Ibirama,2.0,BR,1564438417.0,1.0,-27.05,-49.52,67.98,0.67
Puerto Maldonado,20.0,PE,1564438418.0,334.0,-12.59,-69.19,33.78,1.5
Were Ilu,94.0,ET,1564438418.0,85.0,10.6,39.43,61.23,2.0
Mana,41.0,NG,1564438418.0,72.0,13.03,5.27,77.61,7.01
Faanui,0.0,PF,1564438418.0,79.0,-16.48,-151.75,78.51,10.61
Samana,40.0,EC,1564438418.0,52.0,0.12,-76.97,87.78,2.6
Ugoofaaru,100.0,MV,1564438419.0,66.0,5.67,73.0,82.47,1.22
Soyo,77.0,AO,1564438419.0,88.0,-6.13,12.37,71.85,3.74
Leningradskiy,58.0,RU,1564438419.0,66.0,69.38,178.42,44.13,4.06
Seoul,90.0,KR,1564438154.0,100.0,37.57,126.98,80.58,2.6
Daru,100.0,PG,1564438419.0,93.0,-9.07,143.21,71.49,2.64
Oistins,20.0,BB,1564438420.0,79.0,13.07,-59.53,84.18,6.2
Nador,0.0,MA,1564438420.0,73.0,35.17,-2.93,76.98,2.1
Carauari,100.0,BR,1564438420.0,61.0,-4.88,-66.9,84.27,0.58
Snyder,40.0,US,1564438252.0,30.0,32.72,-100.92,96.78,3.1
Rutland,1.0,US,1564438224.0,40.0,43.61,-72.97,89.98,4.1
Marienburg,0.0,DE,1564438420.0,68.0,52.12,9.98,69.98,2.6
Ampanihy,0.0,MG,1564438421.0,84.0,-24.69,44.75,64.11,2.67
Lingdong,0.0,CN,1564438421.0,88.0,28.06,114.24,75.99,1.34
Atar,0.0,MR,1564438421.0,14.0,20.52,-13.05,99.57,3.3
Bandundu,92.0,CD,1564438421.0,55.0,-3.32,17.38,79.77,2.09
Mineros,0.0,BO,1564438421.0,42.0,-17.12,-63.23,82.38,7.7
Coihueco,90.0,CL,1564438422.0,87.0,-36.63,-71.83,57.18,2.1
Matay,0.0,EG,1564438422.0,26.0,28.42,30.79,83.91,6.09
Panama City,20.0,US,1564438422.0,55.0,30.16,-85.65,93.18,5.1
Davenport,1.0,US,1564438123.0,45.0,41.52,-90.58,85.98,5.7
Ridgecrest,1.0,US,1564438423.0,2.0,35.62,-117.67,111.18,6.7
Makat,75.0,KZ,1564438423.0,41.0,47.65,53.35,83.01,5.63
Beder,2.0,HR,1564438423.0,94.0,45.81,15.61,69.78,1.25
Itoman,75.0,JP,1564438423.0,88.0,26.12,127.67,84.18,2.55
Ferrol,40.0,ES,1564438424.0,82.0,43.48,-8.23,63.98,3.6
Mapiripan,0.0,CO,1564438424.0,64.0,2.89,-72.13,83.19,3.38
Namibe,91.0,AO,1564438424.0,85.0,-15.19,12.15,62.67,6.82
Kamloops,20.0,CA,1564438424.0,30.0,50.68,-120.34,84.18,2.1
Houston,1.0,US,1564438186.0,74.0,29.76,-95.37,92.98,2.1
Cayenne,71.0,GF,1564438425.0,88.0,4.94,-52.33,76.98,0.76
Channel-Port aux Basques,33.0,CA,1564438425.0,88.0,47.57,-59.14,61.95,4.1
Virginia Beach,40.0,US,1564438427.0,58.0,36.85,-75.98,91.97,3.6
Yerbogachen,34.0,RU,1564438429.0,73.0,61.28,108.01,55.47,1.92
Hasaki,40.0,JP,1564438429.0,88.0,35.73,140.83,81.98,1.5
Sao Borja,98.0,BR,1564438429.0,88.0,-28.66,-56.0,61.77,1.64
Darab,25.0,IR,1564438430.0,26.0,28.75,54.55,67.71,0.99
Inhambane,0.0,MZ,1564438430.0,94.0,-23.87,35.38,59.79,1.17
Klaksvik,0.0,FO,1564438430.0,93.0,62.23,-6.59,57.18,4.6
Axim,100.0,GH,1564438430.0,88.0,4.87,-2.24,75.81,4.88
Saint-Francois,0.0,FR,1564438430.0,68.0,46.42,3.91,64.38,0.85
Sur,99.0,OM,1564438431.0,66.0,22.57,59.53,83.01,6.88
Bedford,75.0,US,1564438406.0,44.0,32.84,-97.14,98.58,4.1
Mayo,75.0,CA,1564438431.0,67.0,63.59,-135.9,62.58,1.5
Aksarka,68.0,RU,1564438431.0,79.0,66.56,67.8,52.05,8.42
Belyy Yar,0.0,RU,1564438431.0,87.0,53.6,91.39,53.58,2.0
Konstantinovka,98.0,UA,1564438431.0,73.0,46.85,29.85,70.23,3.21
Kindu,42.0,CD,1564438432.0,31.0,-2.95,25.92,72.93,1.01
Flin Flon,20.0,CA,1564438432.0,32.0,54.77,-101.88,69.78,4.1
Grand-Santi,100.0,GF,1564438432.0,93.0,4.27,-54.38,77.79,0.78
Manokwari,100.0,ID,1564438432.0,86.0,-0.87,134.08,72.93,2.28
Mogadishu,33.0,SO,1564438333.0,84.0,2.04,45.34,74.55,5.96
Banda Aceh,94.0,ID,1564438433.0,71.0,5.56,95.32,82.65,5.79
Minab,40.0,IR,1564438433.0,84.0,27.15,57.07,91.38,4.1
Mbanza-Ngungu,86.0,CD,1564438434.0,73.0,-5.25,14.87,70.59,2.83
Jiaozuo,100.0,CN,1564438434.0,80.0,35.21,113.25,73.83,1.66
Do Gonbadan,0.0,IR,1564438434.0,10.0,30.36,50.8,93.18,2.72
Dongargaon,100.0,IN,1564438435.0,89.0,21.56,74.53,77.43,6.94
Mumford,100.0,GH,1564438435.0,93.0,5.26,-0.76,72.57,2.47
Kudahuvadhoo,100.0,MV,1564438435.0,69.0,2.67,72.89,81.75,1.62
Shanhetun,100.0,CN,1564438435.0,96.0,44.7,127.2,71.85,5.14
Ha Tinh,100.0,VN,1564438435.0,81.0,18.33,105.9,78.15,0.88
Sfantu Gheorghe,0.0,RO,1564438436.0,93.0,44.65,26.83,69.98,1.5
Sibolga,97.0,ID,1564438436.0,78.0,1.74,98.78,81.21,2.72
Rio Gallegos,40.0,AR,1564438436.0,93.0,-51.62,-69.22,39.18,4.6
Margate,20.0,AU,1564438436.0,94.0,-43.03,147.26,40.98,3.1
Puerto del Rosario,20.0,ES,1564438437.0,78.0,28.5,-13.86,73.38,8.2
Puksoozero,100.0,RU,1564438437.0,96.0,62.59,40.61,44.67,4.75
Khairagarh,100.0,IN,1564438437.0,98.0,21.42,80.98,73.65,3.47
Caraballeda,40.0,VE,1564438437.0,74.0,10.61,-66.85,82.38,1.5
Egvekinot,22.0,RU,1564438437.0,59.0,66.32,-179.17,51.15,4.99
Nyurba,62.0,RU,1564438438.0,67.0,63.29,118.35,46.65,2.2
Tuatapere,100.0,NZ,1564438438.0,98.0,-46.13,167.69,44.98,3.58
Wenatchee,1.0,US,1564438438.0,18.0,47.42,-120.31,91.97,7.2
Inuvik,90.0,CA,1564438438.0,93.0,68.36,-133.71,49.98,3.6
Kehtna,0.0,EE,1564438438.0,72.0,58.92,24.87,60.78,2.6
Ust-Tsilma,100.0,RU,1564438439.0,99.0,65.44,52.15,51.51,4.15
Berdigestyakh,100.0,RU,1564438439.0,61.0,62.1,126.7,52.23,4.09
Nioro,100.0,GM,1564438439.0,70.0,13.79,-15.05,82.29,5.81
Teguldet,95.0,RU,1564438439.0,88.0,57.31,88.17,57.63,2.33
Sao Felix do Xingu,6.0,BR,1564438440.0,44.0,-6.64,-51.99,85.53,1.59
Sao Joao da Barra,75.0,BR,1564438440.0,88.0,-21.64,-41.05,69.78,3.1
Kikwit,86.0,CD,1564438440.0,36.0,-5.04,18.82,77.43,0.74
Nkan,70.0,CM,1564438440.0,98.0,2.95,11.22,67.17,1.3
Poykovskiy,0.0,RU,1564438440.0,77.0,61.23,73.33,66.18,5.0
Vangaindrano,86.0,MG,1564438441.0,96.0,-23.35,47.6,66.81,0.58
Champerico,75.0,MX,1564438441.0,46.0,16.38,-93.6,89.58,5.1
Hobyo,77.0,SO,1564438441.0,76.0,5.35,48.53,76.17,9.78
Novyy Urengoy,24.0,RU,1564438441.0,79.0,66.08,76.63,53.13,5.56
Sayyan,100.0,YE,1564438441.0,60.0,15.17,44.32,75.27,0.62
Nizwa,100.0,OM,1564438442.0,63.0,22.93,57.53,80.31,0.59
Saurimo,14.0,AO,1564438442.0,25.0,-9.66,20.4,63.39,1.69
Aksehir,0.0,TR,1564438442.0,60.0,38.36,31.42,67.53,2.4
Eureka,20.0,US,1564438425.0,77.0,40.8,-124.16,69.98,4.1
Kumluca,0.0,TR,1564438443.0,48.0,36.37,30.29,65.37,0.74
Neiafu,40.0,TO,1564438443.0,83.0,-18.65,-173.98,80.58,3.6
Kieta,7.0,PG,1564438443.0,81.0,-6.22,155.63,78.69,2.57
Shitkino,98.0,RU,1564438443.0,79.0,56.37,98.35,55.83,0.99
Develi,0.0,TR,1564438444.0,59.0,38.39,35.49,63.98,2.6
San Juan de Arama,22.0,CO,1564438444.0,70.0,3.37,-73.87,76.71,2.2
Zheshart,100.0,RU,1564438444.0,99.0,62.09,49.59,47.73,2.41
Birin,89.0,NP,1564438444.0,90.0,26.89,88.07,59.61,1.45
Manoharpur,100.0,IN,1564438444.0,92.0,22.35,85.21,73.83,2.73
Zhezkazgan,0.0,KZ,1564438445.0,40.0,47.8,67.71,74.37,4.44
Tazovskiy,15.0,RU,1564438445.0,92.0,67.47,78.7,46.29,2.97
Tilichiki,100.0,RU,1564438445.0,82.0,60.47,166.1,56.19,2.21
Seydi,100.0,NE,1564438446.0,59.0,13.34,7.75,81.93,2.31
Cockburn Town,0.0,TC,1564438446.0,77.0,21.46,-71.14,83.01,6.16
Coffs Harbour,75.0,AU,1564438446.0,100.0,-30.3,153.13,53.58,1.5
Yar-Sale,0.0,RU,1564438446.0,68.0,66.83,70.83,53.49,8.15
Brwinow,65.0,PL,1564438447.0,94.0,52.14,20.72,70.99,1.5
Oksfjord,75.0,NO,1564438448.0,70.0,70.24,22.35,46.38,5.1
Nuoro,0.0,IT,1564438450.0,78.0,40.32,9.33,76.98,2.6
Roseau,1.0,US,1564438450.0,60.0,48.85,-95.76,69.78,6.2
Maralal,38.0,KE,1564438451.0,80.0,1.1,36.7,61.59,0.75
Alofi,75.0,NU,1564438451.0,88.0,-19.06,-169.92,78.78,4.1
Ardesen,0.0,TR,1564438452.0,78.0,41.19,40.99,71.58,3.1
Valuyki,5.0,RU,1564438453.0,93.0,50.21,38.1,62.67,2.99
San Luis,0.0,AR,1564438453.0,38.0,-33.3,-66.34,63.93,2.98
Ambulu,100.0,ID,1564438453.0,84.0,-8.35,113.61,73.47,2.6
Mitsamiouli,20.0,KM,1564438453.0,83.0,-11.38,43.28,71.58,2.1
Chaihe,100.0,CN,1564438454.0,96.0,44.77,129.68,69.15,1.41
Dingli,0.0,IN,1564438454.0,60.0,28.39,75.51,87.15,3.16
Klyuchi,71.0,RU,1564438454.0,43.0,52.25,79.17,72.39,6.12
Mulege,70.0,MX,1564438454.0,59.0,26.88,-111.98,89.49,5.2
Tongren,44.0,CN,1564438454.0,93.0,27.72,109.18,72.75,0.41
Pansemal,100.0,IN,1564438455.0,89.0,21.66,74.7,77.43,6.94
Kubachi,0.0,RU,1564438455.0,76.0,42.09,47.6,51.51,3.13
Muroto,40.0,JP,1564438455.0,88.0,33.37,134.14,78.78,2.1
Taltal,0.0,CL,1564438455.0,59.0,-25.41,-70.49,61.23,2.17
Lishu,100.0,CN,1564438456.0,99.0,43.31,124.32,73.11,1.59
Beringovskiy,100.0,RU,1564438456.0,70.0,63.05,179.32,56.37,2.54
Gorshechnoye,36.0,RU,1564438456.0,72.0,51.52,38.03,57.09,3.89
Isla Vista,1.0,US,1564438456.0,68.0,34.41,-119.86,90.98,6.7
Edeia,0.0,BR,1564438457.0,33.0,-17.34,-49.93,78.69,0.74
Carutapera,98.0,BR,1564438457.0,90.0,-1.2,-46.02,77.43,3.05
Sigli,95.0,ID,1564438457.0,79.0,5.38,95.96,71.85,1.88
Kumta,100.0,IN,1564438457.0,83.0,14.42,74.4,80.67,8.91
Puerto Suarez,20.0,BO,1564438458.0,66.0,-18.96,-57.8,84.18,2.6
Naze,100.0,NG,1564438458.0,95.0,5.43,7.07,73.11,1.69
Nelson Bay,75.0,AU,1564438458.0,87.0,-32.72,152.14,54.98,3.1
Yuanping,0.0,CN,1564438458.0,59.0,38.72,112.71,62.67,3.1
Forestville,40.0,CA,1564438399.0,54.0,48.74,-69.09,78.78,2.1
Xinzhi,40.0,TW,1564438459.0,94.0,22.54,120.62,82.97,1.5
